{
   "dashboards": [{
      "autoswitchEnabled": false,
      "columnCount": 1,
      "columnProportion": "1-1",
      "creationTime": 1624532788705,
      "dashboardNavigations": {},
      "description": "",
      "disabled": false,
      "gridsterMaxColumns": 12,
      "hidden": false,
      "homeTab": false,
      "id": "553f5e07-95c3-4af0-9268-2c00a72b2e43",
      "importAttempts": 0,
      "importComplete": true,
      "lastUpdateTime": 1624563351527,
      "lastUpdateUserId": "304fcc72-2f51-44c2-b2a6-d0a805790718",
      "locked": false,
      "name": "VMignite.com - Executive Dashboard",
      "rank": 0,
      "shared": false,
      "states": [],
      "temporary": false,
      "userId": "304fcc72-2f51-44c2-b2a6-d0a805790718",
      "widgetInteractions": [],
      "widgets": [
         {
            "collapsed": false,
            "config": {
               "chartViewItems": [],
               "isUpdatedView": true,
               "refreshContent": {"refreshContent": false},
               "refreshInterval": 300,
               "resource": {
                  "id": "Ext.vcops.chrome.model.Resource-1",
                  "resourceId": "resource:id:0_::_",
                  "resourceKindId": "002006VMWAREvSphere World",
                  "resourceName": "vSphere World",
                  "traversalSpecId": ""
               },
               "selectFirstRow": {"selectFirstRow": false},
               "selfProvider": {"selfProvider": true},
               "title": "*",
               "traversalSpecId": null,
               "viewDefinitionId": "03cc3346-6496-4080-9da5-5cd7ecac2db6"
            },
            "gridsterCoords": {
               "h": 2,
               "w": 3,
               "x": 1,
               "y": 1
            },
            "height": 96,
            "id": "5df1f2d5-f985-4f19-bb08-2206d399c5a5",
            "title": "*",
            "type": "View"
         },
         {
            "collapsed": false,
            "config": {
               "chartViewItems": [],
               "isUpdatedView": true,
               "refreshContent": {"refreshContent": false},
               "refreshInterval": 300,
               "resource": {
                  "id": "Ext.vcops.chrome.model.Resource-12",
                  "resourceId": "resource:id:0_::_",
                  "resourceKindId": "002006VMWAREvSphere World",
                  "resourceName": "vSphere World",
                  "traversalSpecId": ""
               },
               "selectFirstRow": {"selectFirstRow": false},
               "selfProvider": {"selfProvider": true},
               "title": "*",
               "traversalSpecId": null,
               "viewDefinitionId": "4eb6ab08-4163-4ddc-a571-39b331a9c3ea"
            },
            "gridsterCoords": {
               "h": 2,
               "w": 12,
               "x": 1,
               "y": 15
            },
            "height": 96,
            "id": "2a6f9b8f-31bb-4510-8d93-a693b75a448c",
            "title": "*",
            "type": "View"
         },
         {
            "collapsed": false,
            "config": {
               "chartViewItems": [],
               "isUpdatedView": true,
               "refreshContent": {"refreshContent": false},
               "refreshInterval": 300,
               "resource": {
                  "id": "Ext.vcops.chrome.model.Resource-5",
                  "resourceId": "resource:id:0_::_",
                  "resourceKindId": "002006VMWAREvSphere World",
                  "resourceName": "vSphere World",
                  "traversalSpecId": ""
               },
               "selectFirstRow": {"selectFirstRow": false},
               "selfProvider": {"selfProvider": true},
               "title": "*",
               "traversalSpecId": null,
               "viewDefinitionId": "b48f80b9-5cf0-4559-b696-a4652292df75"
            },
            "gridsterCoords": {
               "h": 2,
               "w": 6,
               "x": 4,
               "y": 1
            },
            "height": 96,
            "id": "8e2e346c-413b-44ff-abb2-6d040753f286",
            "title": "*",
            "type": "View"
         },
         {
            "collapsed": false,
            "config": {
               "chartViewItems": [],
               "isUpdatedView": true,
               "refreshContent": {"refreshContent": false},
               "refreshInterval": 300,
               "resource": {
                  "id": "Ext.vcops.chrome.model.Resource-6",
                  "resourceId": "resource:id:0_::_",
                  "resourceKindId": "002006VMWAREvSphere World",
                  "resourceName": "vSphere World",
                  "traversalSpecId": ""
               },
               "selectFirstRow": {"selectFirstRow": false},
               "selfProvider": {"selfProvider": true},
               "title": "*",
               "traversalSpecId": null,
               "viewDefinitionId": "bfd62c85-a403-402c-9626-c810853ac64e"
            },
            "gridsterCoords": {
               "h": 2,
               "w": 3,
               "x": 10,
               "y": 1
            },
            "height": 96,
            "id": "5b31796d-8896-48f3-ab7f-1bd50110665b",
            "title": "*",
            "type": "View"
         },
         {
            "collapsed": false,
            "config": {
               "chartViewItems": ["legend"],
               "isUpdatedView": true,
               "refreshContent": {"refreshContent": true},
               "refreshInterval": 600,
               "resource": {
                  "id": "Ext.vcops.chrome.model.Resource-8",
                  "resourceId": "resource:id:0_::_",
                  "resourceKindId": "002006VMWAREvSphere World",
                  "resourceName": "vSphere World",
                  "traversalSpecId": ""
               },
               "selectFirstRow": {"selectFirstRow": false},
               "selfProvider": {"selfProvider": true},
               "title": "Environment Growth History (6 months)",
               "traversalSpecId": null,
               "viewDefinitionId": "e3bd6a2b-f1c9-499b-a38f-ef6b8d717345"
            },
            "gridsterCoords": {
               "h": 4,
               "w": 3,
               "x": 1,
               "y": 11
            },
            "height": 210,
            "id": "224d9c3c-5a96-4ecd-bfc9-59c93e51e614",
            "states": [{
               "key": "perm_toolbarVisible_widget_553f5e07-95c3-4af0-9268-2c00a72b2e43_224d9c3c-5a96-4ecd-bfc9-59c93e51e614",
               "value": "b%3A0"
            }],
            "title": "Environment Growth History (6 months)",
            "type": "View"
         },
         {
            "collapsed": false,
            "config": {
               "chartViewItems": [],
               "isUpdatedView": true,
               "refreshContent": {"refreshContent": true},
               "refreshInterval": 3000,
               "resource": {
                  "id": "Ext.vcops.chrome.model.Resource-9",
                  "resourceId": "resource:id:0_::_",
                  "resourceKindId": "002006VMWAREvSphere World",
                  "resourceName": "vSphere World",
                  "traversalSpecId": ""
               },
               "selectFirstRow": {"selectFirstRow": false},
               "selfProvider": {"selfProvider": true},
               "title": "Environment Growth by Month",
               "traversalSpecId": null,
               "viewDefinitionId": "2e52ce94-16d7-4759-934e-364ff1823372"
            },
            "gridsterCoords": {
               "h": 8,
               "w": 12,
               "x": 1,
               "y": 17
            },
            "height": 437,
            "id": "3a4a4ea9-14aa-4d8b-a003-164696ca5017",
            "title": "Environment Growth by Month",
            "type": "View"
         },
         {
            "collapsed": false,
            "config": {
               "boxColumns": 3,
               "boxHeight": null,
               "customFilter": {
                  "excludedResources": null,
                  "filter": [],
                  "includedResources": null
               },
               "depth": 1,
               "labelSize": 10,
               "maxCellCount": 100,
               "metric": {
                  "mode": "resourceKind",
                  "resourceKindMetrics": [
                     {
                        "colorMethod": 2,
                        "id": "extModel81020-2",
                        "isStringMetric": false,
                        "label": "vCenters",
                        "link": "",
                        "metricKey": "summary|total_number_vcenters",
                        "metricName": "Summary|Total Number of vCenter Server(s)",
                        "metricUnitId": null,
                        "orangeBound": null,
                        "redBound": null,
                        "resourceKindId": "resourceKind:id:0_::_",
                        "resourceKindName": "vSphere World",
                        "unit": null,
                        "yellowBound": null
                     },
                     {
                        "colorMethod": 2,
                        "id": "extModel81020-5",
                        "isStringMetric": false,
                        "label": "Datacenters",
                        "link": "",
                        "metricKey": "summary|total_number_datacenters",
                        "metricName": "Summary|Total Number of Datacenters",
                        "metricUnitId": null,
                        "orangeBound": null,
                        "redBound": null,
                        "resourceKindId": "resourceKind:id:0_::_",
                        "resourceKindName": "vSphere World",
                        "unit": null,
                        "yellowBound": null
                     },
                     {
                        "colorMethod": 2,
                        "id": "extModel81020-6",
                        "isStringMetric": false,
                        "label": "Clusters",
                        "link": "",
                        "metricKey": "summary|total_number_clusters",
                        "metricName": "Summary|Total Number of Clusters",
                        "metricUnitId": null,
                        "orangeBound": null,
                        "redBound": null,
                        "resourceKindId": "resourceKind:id:0_::_",
                        "resourceKindName": "vSphere World",
                        "unit": null,
                        "yellowBound": null
                     },
                     {
                        "colorMethod": 2,
                        "id": "extModel81020-3",
                        "isStringMetric": false,
                        "label": "Hosts",
                        "link": "",
                        "metricKey": "summary|total_number_hosts",
                        "metricName": "Summary|Total Number of Hosts",
                        "metricUnitId": null,
                        "orangeBound": null,
                        "redBound": null,
                        "resourceKindId": "resourceKind:id:0_::_",
                        "resourceKindName": "vSphere World",
                        "unit": null,
                        "yellowBound": null
                     },
                     {
                        "colorMethod": 2,
                        "id": "extModel81020-4",
                        "isStringMetric": false,
                        "label": "Datastores",
                        "link": "",
                        "metricKey": "summary|total_number_datastores",
                        "metricName": "Summary|Total Number of Datastores",
                        "metricUnitId": null,
                        "orangeBound": null,
                        "redBound": null,
                        "resourceKindId": "resourceKind:id:0_::_",
                        "resourceKindName": "vSphere World",
                        "unit": null,
                        "yellowBound": null
                     },
                     {
                        "colorMethod": 2,
                        "id": "extModel88809-1",
                        "isStringMetric": false,
                        "label": "VMs Per Host",
                        "link": "",
                        "metricKey": "summary|vm_count_per_host",
                        "metricName": "Summary|VM Count per Host",
                        "metricUnitId": null,
                        "orangeBound": null,
                        "redBound": null,
                        "resourceKindId": "resourceKind:id:0_::_",
                        "resourceKindName": "vSphere World",
                        "unit": null,
                        "yellowBound": null
                     },
                     {
                        "colorMethod": 2,
                        "id": "extModel81020-1",
                        "isStringMetric": false,
                        "label": "Total VMs",
                        "link": "",
                        "metricKey": "summary|total_number_vms",
                        "metricName": "Summary|Total Number of VMs",
                        "metricUnitId": null,
                        "orangeBound": null,
                        "redBound": null,
                        "resourceKindId": "resourceKind:id:0_::_",
                        "resourceKindName": "vSphere World",
                        "unit": null,
                        "yellowBound": null
                     },
                     {
                        "colorMethod": 2,
                        "id": "extModel81020-7",
                        "isStringMetric": false,
                        "label": "VMs (On)",
                        "link": "",
                        "metricKey": "summary|number_running_vms",
                        "metricName": "Summary|Number of Running VMs",
                        "metricUnitId": "VMs",
                        "orangeBound": null,
                        "redBound": null,
                        "resourceKindId": "resourceKind:id:0_::_",
                        "resourceKindName": "vSphere World",
                        "unit": "VMs",
                        "yellowBound": null
                     },
                     {
                        "colorMethod": 2,
                        "id": "extModel11953-1",
                        "isStringMetric": false,
                        "label": "VMs (Off)",
                        "link": "",
                        "metricKey": "summary|number_poweredOff_vms",
                        "metricName": "Summary|Number of Powered Off VMs",
                        "metricUnitId": "VMs",
                        "orangeBound": null,
                        "redBound": null,
                        "resourceKindId": "resourceKind:id:0_::_",
                        "resourceKindName": "vSphere World",
                        "unit": "VMs",
                        "yellowBound": null
                     }
                  ],
                  "resourceMetrics": [],
                  "subMode": "resourceKindAll"
               },
               "mode": {"layoutMode": "fixedSize"},
               "oldMetricValues": false,
               "periodLength": null,
               "refreshContent": {"refreshContent": true},
               "refreshInterval": 600,
               "relationshipMode": {"relationshipMode": 0},
               "resInteractionMode": null,
               "resource": [{
                  "id": "resource:id:0_::_",
                  "name": "vSphere World"
               }],
               "roundDecimals": 1,
               "selfProvider": {"selfProvider": true},
               "showDT": {"showDT": false},
               "showMetricName": {"showMetricName": true},
               "showMetricUnit": {"showMetricUnit": true},
               "showResourceName": {"showResourceName": false},
               "showSparkline": {"showSparkline": false},
               "title": "Environment Inventory (Current)",
               "valueSize": 12,
               "visualTheme": 5
            },
            "gridsterCoords": {
               "h": 4,
               "w": 3,
               "x": 1,
               "y": 3
            },
            "height": 210,
            "id": "5c7cc619-b4a1-4ba7-8079-a444d57f0682",
            "title": "Environment Inventory (Current)",
            "type": "Scoreboard"
         },
         {
            "collapsed": false,
            "config": {
               "chartViewItems": [],
               "isUpdatedView": true,
               "refreshContent": {"refreshContent": true},
               "refreshInterval": 300,
               "resource": {
                  "id": "Ext.vcops.chrome.model.Resource-2",
                  "resourceId": "resource:id:0_::_",
                  "resourceKindId": "002006VMWAREvSphere World",
                  "resourceName": "vSphere World",
                  "traversalSpecId": ""
               },
               "selectFirstRow": {"selectFirstRow": false},
               "selfProvider": {"selfProvider": true},
               "title": "Cluster HA/DRS Disabled?",
               "traversalSpecId": null,
               "viewDefinitionId": "d3efff1d-3f33-4ffa-a0b8-97fd944d336f"
            },
            "gridsterCoords": {
               "h": 4,
               "w": 3,
               "x": 7,
               "y": 11
            },
            "height": 210,
            "id": "5b651ca1-7fb4-41fe-9df7-076b7dc070c5",
            "title": "Cluster HA/DRS Disabled?",
            "type": "View"
         },
         {
            "collapsed": false,
            "config": {
               "chartViewItems": [],
               "isUpdatedView": true,
               "refreshContent": {"refreshContent": true},
               "refreshInterval": 300,
               "resource": {
                  "id": "Ext.vcops.chrome.model.Resource-5",
                  "resourceId": "resource:id:0_::_",
                  "resourceKindId": "002006VMWAREvSphere World",
                  "resourceName": "vSphere World",
                  "traversalSpecId": ""
               },
               "selectFirstRow": {"selectFirstRow": false},
               "selfProvider": {"selfProvider": true},
               "title": "Any ESXi Host Powered Off?",
               "traversalSpecId": null,
               "viewDefinitionId": "d802fbeb-4588-40d1-bd7e-6d217dccd843"
            },
            "gridsterCoords": {
               "h": 4,
               "w": 3,
               "x": 4,
               "y": 11
            },
            "height": 210,
            "id": "3cd98738-c0c0-4c76-ae92-40d354e31174",
            "title": "Any ESXi Host Powered Off?",
            "type": "View"
         },
         {
            "collapsed": false,
            "config": {
               "chartViewItems": [],
               "isUpdatedView": true,
               "refreshContent": {"refreshContent": true},
               "refreshInterval": 300,
               "resource": {
                  "id": "Ext.vcops.chrome.model.Resource-1",
                  "resourceId": "resource:id:0_::_",
                  "resourceKindId": "002006VMWAREvSphere World",
                  "resourceName": "vSphere World",
                  "traversalSpecId": ""
               },
               "selectFirstRow": {"selectFirstRow": false},
               "selfProvider": {"selfProvider": true},
               "title": "Disconnected VMs",
               "traversalSpecId": null,
               "viewDefinitionId": "e22c7322-aab3-4cbc-89a4-a94af60ca7a0"
            },
            "gridsterCoords": {
               "h": 4,
               "w": 3,
               "x": 10,
               "y": 11
            },
            "height": 210,
            "id": "ea648eff-9bec-4dd1-a933-7e8b6b2b1416",
            "title": "Disconnected VMs",
            "type": "View"
         },
         {
            "collapsed": false,
            "config": {
               "additionalColumns": [],
               "barsCount": 10,
               "customFilter": {
                  "excludedResources": null,
                  "filter": [],
                  "includedResources": null
               },
               "depth": 10,
               "filterMode": "tagPicker",
               "filterOldMetrics": {"filterOldMetrics": false},
               "maxValue": 100,
               "metric": {
                  "metricKey": "cpu|usage_average",
                  "name": "CPU|Usage (%)"
               },
               "metricName": "CPU%",
               "metricUnit": {
                  "metricUnitId": -1,
                  "metricUnitName": "Auto"
               },
               "mode": "all",
               "orangeBound": 85,
               "percentileValue": null,
               "redBound": 90,
               "refreshContent": {"refreshContent": true},
               "refreshInterval": 300,
               "regenerationTime": 15,
               "relationshipMode": {"relationshipMode": [
                  -1,
                  0
               ]},
               "resource": [],
               "resourceKind": [{"id": "resourceKind:id:1_::_"}],
               "roundDecimals": 0,
               "selfProvider": {"selfProvider": true},
               "tagFilter": null,
               "title": "Top Host CPU%",
               "topOption": "metricsHighestUtilization",
               "yellowBound": 80
            },
            "gridsterCoords": {
               "h": 4,
               "w": 3,
               "x": 4,
               "y": 3
            },
            "height": 210,
            "id": "c9c7281c-786e-493d-b761-5457cbe2ba31",
            "title": "Top Host CPU%",
            "type": "ParetoAnalysis"
         },
         {
            "collapsed": false,
            "config": {
               "additionalColumns": [],
               "barsCount": 10,
               "customFilter": {
                  "excludedResources": null,
                  "filter": [],
                  "includedResources": null
               },
               "depth": 10,
               "filterMode": "tagPicker",
               "filterOldMetrics": {"filterOldMetrics": false},
               "maxValue": null,
               "metric": {
                  "metricKey": "guestfilesystem:C:\\|freespace",
                  "name": "Guest File System:C:\\|Guest File System Free (GB)"
               },
               "metricName": "Disk Remaining",
               "metricUnit": {
                  "metricUnitId": "gb",
                  "metricUnitName": "GB"
               },
               "mode": "all",
               "orangeBound": 3,
               "percentileValue": null,
               "redBound": 1,
               "refreshContent": {"refreshContent": true},
               "refreshInterval": 300,
               "regenerationTime": 15,
               "relationshipMode": {"relationshipMode": [
                  -1,
                  0
               ]},
               "resource": [],
               "resourceKind": [{"id": "resourceKind:id:2_::_"}],
               "roundDecimals": 1,
               "selfProvider": {"selfProvider": true},
               "tagFilter": null,
               "title": "C: Drive Low",
               "topOption": "metricsLowestUtilization",
               "yellowBound": 5
            },
            "gridsterCoords": {
               "h": 4,
               "w": 3,
               "x": 10,
               "y": 3
            },
            "height": 210,
            "id": "bd55aa5b-80fb-4eb6-8735-95b103d9ffe1",
            "title": "C: Drive Low",
            "type": "ParetoAnalysis"
         },
         {
            "collapsed": false,
            "config": {
               "additionalColumns": [],
               "barsCount": 10,
               "customFilter": {
                  "excludedResources": null,
                  "filter": [],
                  "includedResources": null
               },
               "depth": 10,
               "filterMode": "tagPicker",
               "filterOldMetrics": {"filterOldMetrics": false},
               "maxValue": 0,
               "metric": {
                  "metricKey": "OnlineCapacityAnalytics|capacityRemainingPercentage",
                  "name": "Capacity Analytics Generated|Capacity Remaining Percentage (%)"
               },
               "metricName": "Remaining%",
               "metricUnit": {
                  "metricUnitId": -1,
                  "metricUnitName": "Auto"
               },
               "mode": "all",
               "orangeBound": 10,
               "percentileValue": null,
               "redBound": 0,
               "refreshContent": {"refreshContent": true},
               "refreshInterval": 300,
               "regenerationTime": 15,
               "relationshipMode": {"relationshipMode": [
                  -1,
                  0
               ]},
               "resource": [],
               "resourceKind": [{"id": "resourceKind:id:3_::_"}],
               "roundDecimals": 1,
               "selfProvider": {"selfProvider": true},
               "tagFilter": null,
               "title": "Cluster Capacity Remaining%",
               "topOption": "metricsLowestUtilization",
               "yellowBound": 20
            },
            "gridsterCoords": {
               "h": 4,
               "w": 3,
               "x": 1,
               "y": 7
            },
            "height": 210,
            "id": "45520708-a2e7-41c7-9195-95fce69b71a0",
            "title": "Cluster Capacity Remaining%",
            "type": "ParetoAnalysis"
         },
         {
            "collapsed": false,
            "config": {
               "additionalColumns": [],
               "barsCount": 10,
               "customFilter": {
                  "excludedResources": null,
                  "filter": [],
                  "includedResources": null
               },
               "depth": 10,
               "filterMode": "tagPicker",
               "filterOldMetrics": {"filterOldMetrics": false},
               "maxValue": null,
               "metric": {
                  "metricKey": "devices:Aggregate of all instances|totalLatency_average",
                  "name": "Devices:Aggregate of all Instances|Total Latency (ms)"
               },
               "metricName": "Latency",
               "metricUnit": {
                  "metricUnitId": "msec",
                  "metricUnitName": "ms"
               },
               "mode": "all",
               "orangeBound": 15,
               "percentileValue": null,
               "redBound": 20,
               "refreshContent": {"refreshContent": true},
               "refreshInterval": 300,
               "regenerationTime": 15,
               "relationshipMode": {"relationshipMode": [
                  -1,
                  0
               ]},
               "resource": [],
               "resourceKind": [{"id": "resourceKind:id:4_::_"}],
               "roundDecimals": 1,
               "selfProvider": {"selfProvider": true},
               "tagFilter": null,
               "title": "Top Disk Latency",
               "topOption": "metricsHighestUtilization",
               "yellowBound": 10
            },
            "gridsterCoords": {
               "h": 4,
               "w": 3,
               "x": 7,
               "y": 7
            },
            "height": 210,
            "id": "df85656c-5091-45d2-9986-21b0d3d159c7",
            "title": "Top Disk Latency",
            "type": "ParetoAnalysis"
         },
         {
            "collapsed": false,
            "config": {
               "additionalColumns": [],
               "barsCount": 10,
               "customFilter": {
                  "excludedResources": null,
                  "filter": [],
                  "includedResources": null
               },
               "depth": 10,
               "filterMode": "tagPicker",
               "filterOldMetrics": {"filterOldMetrics": false},
               "maxValue": null,
               "metric": {
                  "metricKey": "guestfilesystem:/|freespace",
                  "name": "Guest File System:/|Guest File System Free (GB)"
               },
               "metricName": "Disk Remaining",
               "metricUnit": {
                  "metricUnitId": "gb",
                  "metricUnitName": "GB"
               },
               "mode": "all",
               "orangeBound": 2,
               "percentileValue": null,
               "redBound": 1,
               "refreshContent": {"refreshContent": true},
               "refreshInterval": 300,
               "regenerationTime": 15,
               "relationshipMode": {"relationshipMode": [
                  -1,
                  0
               ]},
               "resource": [],
               "resourceKind": [{"id": "resourceKind:id:2_::_"}],
               "roundDecimals": 1,
               "selfProvider": {"selfProvider": true},
               "tagFilter": null,
               "title": "Root Drive Low",
               "topOption": "metricsLowestUtilization",
               "yellowBound": 3
            },
            "gridsterCoords": {
               "h": 4,
               "w": 3,
               "x": 10,
               "y": 7
            },
            "height": 210,
            "id": "879f78ba-7af1-49e0-bda8-fc74d9b04f81",
            "title": "Root Drive Low",
            "type": "ParetoAnalysis"
         },
         {
            "collapsed": false,
            "config": {
               "additionalColumns": [],
               "barsCount": 10,
               "customFilter": {
                  "excludedResources": null,
                  "filter": [],
                  "includedResources": null
               },
               "depth": 10,
               "filterMode": "tagPicker",
               "filterOldMetrics": {"filterOldMetrics": false},
               "maxValue": 100,
               "metric": {
                  "metricKey": "capacity|usedSpacePct",
                  "name": "Capacity|Used Space (%)"
               },
               "metricName": "Disk Used%",
               "metricUnit": {
                  "metricUnitId": -1,
                  "metricUnitName": "Auto"
               },
               "mode": "all",
               "orangeBound": 90,
               "percentileValue": null,
               "redBound": 95,
               "refreshContent": {"refreshContent": true},
               "refreshInterval": 300,
               "regenerationTime": 15,
               "relationshipMode": {"relationshipMode": [
                  -1,
                  0
               ]},
               "resource": [],
               "resourceKind": [{"id": "resourceKind:id:4_::_"}],
               "roundDecimals": 0,
               "selfProvider": {"selfProvider": true},
               "tagFilter": null,
               "title": "Top Disk Used%",
               "topOption": "metricsHighestUtilization",
               "yellowBound": 85
            },
            "gridsterCoords": {
               "h": 4,
               "w": 3,
               "x": 7,
               "y": 3
            },
            "height": 210,
            "id": "43d67743-6d7b-4994-9927-86a1c1a48af5",
            "title": "Top Disk Used%",
            "type": "ParetoAnalysis"
         },
         {
            "collapsed": false,
            "config": {
               "additionalColumns": [],
               "barsCount": 10,
               "customFilter": {
                  "excludedResources": null,
                  "filter": [],
                  "includedResources": null
               },
               "depth": 10,
               "filterMode": "tagPicker",
               "filterOldMetrics": {"filterOldMetrics": false},
               "maxValue": 100,
               "metric": {
                  "metricKey": "mem|usage_average",
                  "name": "Memory|Usage (%)"
               },
               "metricName": "MEM%",
               "metricUnit": {
                  "metricUnitId": -1,
                  "metricUnitName": "Auto"
               },
               "mode": "all",
               "orangeBound": 85,
               "percentileValue": null,
               "redBound": 90,
               "refreshContent": {"refreshContent": true},
               "refreshInterval": 300,
               "regenerationTime": 15,
               "relationshipMode": {"relationshipMode": [
                  -1,
                  0
               ]},
               "resource": [],
               "resourceKind": [{"id": "resourceKind:id:1_::_"}],
               "roundDecimals": 1,
               "selfProvider": {"selfProvider": true},
               "tagFilter": null,
               "title": "Top Host MEM%",
               "topOption": "metricsHighestUtilization",
               "yellowBound": 80
            },
            "gridsterCoords": {
               "h": 4,
               "w": 3,
               "x": 4,
               "y": 7
            },
            "height": 210,
            "id": "79d44d9e-60a0-4669-aef6-534667115096",
            "states": [{
               "key": "perm_toolbarVisible_widget_553f5e07-95c3-4af0-9268-2c00a72b2e43_79d44d9e-60a0-4669-aef6-534667115096",
               "value": "b%3A0"
            }],
            "title": "Top Host MEM%",
            "type": "ParetoAnalysis"
         }
      ]
   }],
   "entries": {
      "resource": [{
         "adapterKindKey": "VMWARE",
         "identifiers": [],
         "internalId": "resource:id:0_::_",
         "name": "vSphere World",
         "resourceKindKey": "vSphere World"
      }],
      "resourceKind": [
         {
            "adapterKindKey": "VMWARE",
            "internalId": "resourceKind:id:1_::_",
            "resourceKindKey": "HostSystem"
         },
         {
            "adapterKindKey": "VMWARE",
            "internalId": "resourceKind:id:2_::_",
            "resourceKindKey": "VirtualMachine"
         },
         {
            "adapterKindKey": "VMWARE",
            "internalId": "resourceKind:id:3_::_",
            "resourceKindKey": "ClusterComputeResource"
         },
         {
            "adapterKindKey": "VMWARE",
            "internalId": "resourceKind:id:0_::_",
            "resourceKindKey": "vSphere World"
         },
         {
            "adapterKindKey": "VMWARE",
            "internalId": "resourceKind:id:4_::_",
            "resourceKindKey": "Datastore"
         }
      ]
   },
   "uuid": "1a3ff229-3b66-4282-804c-3f0d2f1876f1"
}